family,method,rows,success_rate,empty_intersection_rate,destroyed_episode_rate,mean_regret,mean_cost,refusal_rate,groups,bits,mean_group_size,max_group_size,raw_possible_cases
family_b,ccsc_greedy,40,0.991558896480248,0.020117032212293138,0.041154962669296254,0.046116792291921,1.033764414079008,0.0,37.15,5.4,2.5063454218824965,6.15,630.5
family_b,ccsc_grid,40,0.9911190532490792,0.021974371755418748,0.04181296663379687,0.044443324033575926,1.0355237870036824,0.0,37.625,5.4,2.370027480185553,6.4,630.5
