family,method,rows,success_rate,empty_intersection_rate,destroyed_episode_rate,mean_regret,mean_cost,refusal_rate,groups,bits,mean_group_size,max_group_size,raw_possible_cases
family_e,active_probe_ccsc,60,0.9998895804234909,0.0009788846322708346,0.00010006963854456699,0.0010286994627116451,2.3164416783060355,0.0,43.0,5.666666666666667,1.743380387526004,4.266666666666667,636.8666666666667
family_e,active_probe_contact,60,0.8474479445831754,1.0,0.10000000000000005,0.020696517580634146,2.9262082216672978,0.0,1.0,0.0,64.0,64.0,636.8666666666667
family_e,ccsc_6x8,60,0.999816270101774,0.0009788846322708346,0.0007355399303776269,0.010038270887941987,1.0007349195929038,0.0,43.0,5.666666666666667,1.743380387526004,4.266666666666667,636.8666666666667
family_e,contact_count,60,0.7233612461149331,1.0,1.0,0.2070300911804338,2.1065550155402684,0.0,1.0,0.0,64.0,64.0,636.8666666666667
family_e,raw_mode,60,1.0,0.0,0.0,0.0,1.0,0.0,64.0,6.0,1.0,1.0,636.8666666666667
family_e,safe_refusal,60,0.0,1.0,1.0,0.7226962811690381,5.0,1.0,1.0,0.0,64.0,64.0,636.8666666666667
