budget,probe_tasks,action_sectors,groups,bits,success_rate,empty_intersection_rate,destroyed_episode_rate,mean_regret
one_task_two_sectors,1,2,4,2,0.9311551925320887,0.2602739726027397,0.4352392065344224,0.16725139620331186
one_task_four_sectors,1,4,7,3,0.9428238039673279,0.1836734693877551,0.3267211201866978,0.1372827444036504
two_tasks_two_sectors,2,2,8,3,0.9556592765460911,0.11214953271028037,0.24154025670945156,0.1621171873088593
two_tasks_four_sectors,2,4,14,4,0.9766627771295215,0.06716417910447761,0.07117852975495916,0.0972639220887953
v1_six_tasks_eight_sectors,6,8,52,6,0.9988331388564761,0.006666666666666667,0.002333722287047841,0.007589017200301177
